{
    "whatsapp": "5527999999999",
    "hero_kicker": "DESENVOLVIMENTO DE ALTA PERFORMANCE",
    "hero_titulo": "TRANSFORME",
    "hero_subtitulo": "SUA EQUIPE",
    "hero_deck": "Metodologia comprovada. Resultados mensuráveis. Mais de 15 mil profissionais treinados em todo o Brasil.",
    "stat1_num": "50+",
    "stat1_label": "Empresas",
    "stat2_num": "1K",
    "stat2_label": "Pessoas",
    "stat3_num": "8+",
    "stat3_label": "Anos",
    "video_texto": "DESCUBRA O MÉTODO",
    "meth_titulo": "Quem anda não entende quem voa",
    "meth_texto1": "8 anos desenvolvendo metodologias únicas que combinam psicologia comportamental, neurociência aplicada e técnicas práticas de gestão de alta performance.",
    "meth_texto2": "Cada treinamento é customizado para a realidade da sua empresa. Sem teoria genérica. Apenas resultados mensuráveis e transformação real.",
    "cta_titulo": "Pronto para transformar seus resultados?",
    "depoimentos": [
        {
            "nome": "Marcelo Ferreira",
            "cargo": "Diretor Comercial",
            "empresa": "Metalúrgica Progresso",
            "cidade": "Vitória, ES",
            "texto": "Contratamos o Renato para treinar nossa equipe de vendas. Em 90 dias aumentamos 47% em conversão. O método dele é direto, prático e funciona de verdade. Melhor investimento do ano."
        },
        {
            "nome": "Carolina Mendes",
            "cargo": "Gerente de RH",
            "empresa": "Construtora Horizonte",
            "cidade": "Cachoeiro de Itapemirim, ES",
            "texto": "Depois do treinamento, nossa taxa de retenção de talentos aumentou 35%. A equipe está mais engajada, produtiva e motivada. Renato realmente entende de gestão de pessoas."
        },
        {
            "nome": "Roberto Silva",
            "cargo": "CEO",
            "empresa": "Distribuidora Costa Verde",
            "cidade": "Colatina, ES",
            "texto": "Workshop de liderança que transformou nossos gestores. Reduzimos conflitos internos em 60% e aumentamos a produtividade geral. Resultados aparecem na primeira semana."
        },
        {
            "nome": "Juliana Costa",
            "cargo": "Sócia",
            "empresa": "Auto Peças Premium",
            "cidade": "Linhares, ES",
            "texto": "Treinamento customizado para nossa realidade. Time comercial dobrou o ticket médio aplicando as técnicas. Renato é referência em alta performance no Brasil."
        }
    ]
}