{"version":8,"hash":{"type":"Buffer","data":"9imJj+q78H5kOuwZ+lTw5WZ4T2XrFsgsy2xBp1IrgMytVTeZTO7m5TJ1z0vGNe2zsPQXj93eyH2ZhvqHucaODbLJS0lxqaVpvQ08JPwa46oDCafsGpf//sV1AcLQkR/r3+7qowpE4Imf3PpsaYKJ1nE29IRMdS0iBC8Cw2RSp7k="},"indexValueMap":{"jAsEB4H7PgWvQI8BYHMBE5+d2TRvBRWrAi3j7LDBww4=":{"valueMac":{"type":"Buffer","data":"JNPgWRmkjrFCRXmheBrUx43jI0c7M3zdNO+WPTx45RU="}},"FqksbuhGvmVg6gDSu9Ek8bW/cxvuHGJmxmL5RHbg4w0=":{"valueMac":{"type":"Buffer","data":"FPNzcVXLpskyVvZ5h/O1hjoVR0zOdVzDNCJLLG7R4yA="}},"flLN0vn2ePTg5uLjL0BgCyGGvqhT0ehF9lsHMvRon68=":{"valueMac":{"type":"Buffer","data":"XmBa/WbZrkx4HPlNGdnUn3mkbT1hGDRMEJCKkz/HQtU="}},"cZD3w46lp5orZfmAsFH5l5oGADvbZZ9Smcc2Hi0Uiv4=":{"valueMac":{"type":"Buffer","data":"03t2qJ0QOMiwtn9ByfbtMvTP/5/ohZz8V9x63sxLBi0="}},"QTTIjM0OSU+iejhQ+8S035Z0se0cEMBA5pWfIzE3HkI=":{"valueMac":{"type":"Buffer","data":"dCe6CthPcuaxKuqLva7sAwn5TVQveT4ahzAEDgKArfs="}},"mu49Pe4n6l++eabTuqnW2qrgWnjgV/IsrM8h9wLfQ38=":{"valueMac":{"type":"Buffer","data":"IOhsHkboInTP3/Z/5U/gS7EyA52ytEGBvKkI48XWHXk="}},"qoFN/Xzeo8IU/+4FM0ecOeR7vPfyv7Eq00mNQ78KHJw=":{"valueMac":{"type":"Buffer","data":"V9vBBZvuhV+SicsbBa/39lHHx4G6ZXmL80JCV4v9JgI="}},"Si40859zBcYhTTWbhx8x+EVKmHAZ7csrg4Bf2YX9IT0=":{"valueMac":{"type":"Buffer","data":"yZXGbYr0KN68P1YxHMyRcRHyK3zMcinha543uAnmm+E="}},"Xkm/9zGNAQhkfkpMz2vXHa487BtzlNCt/9xcyr+uUOA=":{"valueMac":{"type":"Buffer","data":"RqYe2L6rYgf+BIzimT9W6hmYOTXcju9glBzIJ6w/x6w="}},"47agwWRbpa6ChmgN+c3TKkjpxQ/i00PUQftgn+U+R84=":{"valueMac":{"type":"Buffer","data":"7NAq2zJioEXJFKwXNSHj/jOVhMEsFKAj1NoiSejHI/0="}},"pyf2sfXf6KypOuODTdp2YZpctV7oR9cqKt6vy3zpbLY=":{"valueMac":{"type":"Buffer","data":"0COrP44ZWQ+uN5WNw+ZG4AqSVo1t6uo7um2jyon5W78="}},"N1kgUBIgLf2rHn4X5HCfB4GwV/LWUZ8YwkjYEciv4P8=":{"valueMac":{"type":"Buffer","data":"RWhGZOjrPg7xNphw6hVLHr78cy7Wu7wRhNh+2NYKsxI="}},"eOKLccm9fX99lV/Ivns5ggZMg4OSbNuFnVEVle+ACF0=":{"valueMac":{"type":"Buffer","data":"HZgHoKNCmtux53qiaNk80K9WW9iZlzUSpkTbav4X4Fc="}}}}