{"noiseKey":{"private":{"type":"Buffer","data":"KP2oo4VFBCZOM8EeH94DlEpt6wPpiCkWZlJcchcG2Fc="},"public":{"type":"Buffer","data":"f2J6PMyPLi4jANRalvHl5FPVSC56mewaBgJA7HfjrDM="}},"pairingEphemeralKeyPair":{"private":{"type":"Buffer","data":"iKrF9jgIbemzFm2EQLeoRVOIcbvZoWD7MZXvf/llD3g="},"public":{"type":"Buffer","data":"IjLYrTfwZEEUGe2nZyGSrUpLZceacmFnyfed6p6Mn28="}},"signedIdentityKey":{"private":{"type":"Buffer","data":"IHUBW+uTlWsW1hSQU/GVJXbnDgPBSzehDmJ+Rq7hF2U="},"public":{"type":"Buffer","data":"nPGVLIJ/l1zTxA4n8cQKWmzK7wJpLKLRaYyTtJ/tv2M="}},"signedPreKey":{"keyPair":{"private":{"type":"Buffer","data":"YL9UZGjBwNg2gcah+uU6IttKhkd3HnsUmN9I9KqRxUY="},"public":{"type":"Buffer","data":"Qt5b8xZuZiXeuCKwOWaMG+vDRTZDN7o5pP9X77vs6zw="}},"signature":{"type":"Buffer","data":"pBwPhOyIBoX640lnpRO8NKoCdWrOnPPoX3Ia15b8Dap5Hjudtxq5Es1ut7ttMXPuU5bdahi6uK/8V62tUWnTAQ=="},"keyId":1},"registrationId":85,"advSecretKey":"4+1HKJFz7yJ3ugu4Yvid3TrYNeDQ+eEd1GF1BBakwbU=","processedHistoryMessages":[{"key":{"remoteJid":"553388348837@s.whatsapp.net","fromMe":false,"id":"AC9B4F5473B944925A46D44863A253FA","participant":"","addressingMode":"pn"},"messageTimestamp":1764790378},{"key":{"remoteJid":"553388348837@s.whatsapp.net","fromMe":false,"id":"AC681CF01856190F3DDD1AB007A79080","participant":"","addressingMode":"pn"},"messageTimestamp":1764790378},{"key":{"remoteJid":"553388348837@s.whatsapp.net","fromMe":false,"id":"ACCB67C0FEEAAAEEA2F3DA8B0C9613BD","participant":"","addressingMode":"pn"},"messageTimestamp":1764790378},{"key":{"remoteJid":"553388348837@s.whatsapp.net","fromMe":false,"id":"AC4FD723371182B1999E39EECA88AEF3","participant":"","addressingMode":"pn"},"messageTimestamp":1764790378},{"key":{"remoteJid":"553388348837@s.whatsapp.net","fromMe":false,"id":"AC2F68A8A3BE77528A09EF2DC11AFE59","participant":"","addressingMode":"pn"},"messageTimestamp":1764790384},{"key":{"remoteJid":"553388348837@s.whatsapp.net","fromMe":false,"id":"AC7C34FDEF0082E44D9B378F5465299B","participant":"","addressingMode":"pn"},"messageTimestamp":1764790385}],"nextPreKeyId":815,"firstUnuploadedPreKeyId":815,"accountSyncCounter":1,"accountSettings":{"unarchiveChats":false},"registered":false,"account":{"details":"CN2qsJ4BEOCgwskGGAMgACgA","accountSignatureKey":"3qV/lCCf+L3eVR+Fr5pTY6Pkce8looFp8yvjoiCftUA=","accountSignature":"Teht13hA6/qcuy04vceY7HRPwyT1CZWLdijFKmS61auw2Q/QItT201qrVFhu3L4cy84XiWnhwYOjaJvUNH2jCg==","deviceSignature":"TIa1ynYgqJUlX7RF8KBjufOVJLATiDwLDTN0ztnXFFhoYYuqMFhb1tWt1TeaWnHOPHW9IWRwdlQb+1nQr5K7DA=="},"me":{"id":"553388348837:15@s.whatsapp.net","lid":"279971889180724:15@lid","name":"Domingos"},"signalIdentities":[{"identifier":{"name":"279971889180724:15@lid","deviceId":0},"identifierKey":{"type":"Buffer","data":"Bd6lf5Qgn/i93lUfha+aU2Oj5HHvJaKBafMr46Ign7VA"}}],"platform":"android","routingInfo":{"type":"Buffer","data":"CBIICAgC"},"lastAccountSyncTimestamp":1764790376,"lastPropHash":"PWk5B","myAppStateKeyId":"AAAAAIkQ"}